{
    "AIB": {
        "min": 0.10000000,
        "fee": 0.10000000
    },
    "ALLN": {
        "min": 0.10000000,
        "fee": 0.10000000
    },
    "ANON": {
        "min": 0.50000000,
        "fee": 0.50000000
    },
    "AREPA": {
        "min": 0.10000000,
        "fee": 0.10000000
    },
    "ARISTO": {
        "min": 12.00000000,
        "fee": 12.00000000
    },
    "ATCP": {
        "min": 5.00000000,
        "fee": 5.00000000
    },
    "ATCC": {
        "min": 60.00000000,
        "fee": 60.00000000
    },
    "ADC": {
        "min": 0.10000000,
        "fee": 0.10000000
    },
    "KB": {
        "min": 0.10000000,
        "fee": 0.10000000
    },
    "BTA": {
        "min": 0.00010000,
        "fee": 0.00010000
    },
    "BYT": {
        "min": 1.00000000,
        "fee": 1.00000000
    },
    "BDCC": {
        "min": 1.00000000,
        "fee": 1.00000000
    },
    "BZNT": {
        "min": 10.00000000,
        "fee": 10.00000000
    },
    "BNB": {
        "min": 0.50000000,
        "fee": 0.50000000
    },
    "BIS": {
        "min": 0.02000000,
        "fee": 0.02000000
    },
    "BTF": {
        "min": 1000.00000000,
        "fee": 1000.00000000
    },
    "BTC": {
        "min": 0.00300000,
        "fee": 0.00300000
    },
    "BCHABC": {
        "min": 0.02010000,
        "fee": 0.02010000
    },
    "BCHSV": {
        "min": 0.17010000,
        "fee": 0.17010000
    },
    "BCIM": {
        "min": 155.00000000,
        "fee": 155.00000000
    },
    "XBI": {
        "min": 3.00000000,
        "fee": 3.00000000
    },
    "XBC": {
        "min": 0.10000000,
        "fee": 0.10000000
    },
    "XRC": {
        "min": 0.10000000,
        "fee": 0.10000000
    },
    "BTCS": {
        "min": 0.10000000,
        "fee": 0.10000000
    },
    "BTSL": {
        "min": 10.00000000,
        "fee": 10.00000000
    },
    "BTG": {
        "min": 0.00100000,
        "fee": 0.00100000
    },
    "BTX": {
        "min": 1.00000000,
        "fee": 1.00000000
    },
    "BNC": {
        "min": 0.10000000,
        "fee": 0.10000000
    },
    "BTZ": {
        "min": 1.00000000,
        "fee": 1.00000000
    },
    "BSD": {
        "min": 0.10000000,
        "fee": 0.10000000
    },
    "ZNY": {
        "min": 0.10000000,
        "fee": 0.10000000
    },
    "BIXCPRO": {
        "min": 1.00000000,
        "fee": 1.00000000
    },
    "BOLI": {
        "min": 0.00010000,
        "fee": 0.00010000
    },
    "BUMBA": {
        "min": 0.00040000,
        "fee": 0.00040000
    },
    "BUN": {
        "min": 100.00000000,
        "fee": 100.00000000
    },
    "BUZZ": {
        "min": 10.00000000,
        "fee": 10.00000000
    },
    "CDN": {
        "min": 0.10000000,
        "fee": 0.10000000
    },
    "CPC": {
        "min": 3.00000000,
        "fee": 3.00000000
    },
    "CAZ": {
        "min": 0.10000000,
        "fee": 0.10000000
    },
    "CENT": {
        "min": 0.10000000,
        "fee": 0.10000000
    },
    "CHEESE": {
        "min": 0.10000000,
        "fee": 0.10000000
    },
    "CLAM": {
        "min": 0.01000000,
        "fee": 0.01000000
    },
    "COBRA": {
        "min": 100.00000000,
        "fee": 100.00000000
    },
    "CBRX": {
        "min": 1.00000000,
        "fee": 1.00000000
    },
    "CYM": {
        "min": 1300.00000000,
        "fee": 1300.00000000
    },
    "CLY": {
        "min": 0.10000000,
        "fee": 0.10000000
    },
    "COMP": {
        "min": 1000.00000000,
        "fee": 1000.00000000
    },
    "CONT": {
        "min": 0.10000000,
        "fee": 0.10000000
    },
    "CLC": {
        "min": 0.10000000,
        "fee": 0.10000000
    },
    "CURE": {
        "min": 0.00010000,
        "fee": 0.00010000
    },
    "DASH": {
        "min": 0.03000000,
        "fee": 0.03000000
    },
    "ONION": {
        "min": 0.10000000,
        "fee": 0.10000000
    },
    "DEM": {
        "min": 0.10000000,
        "fee": 0.10000000
    },
    "DGB": {
        "min": 1.00000000,
        "fee": 1.00000000
    },
    "DIN": {
        "min": 0.10000000,
        "fee": 0.10000000
    },
    "DOGE": {
        "min": 3.00000000,
        "fee": 3.00000000
    },
    "DOXY": {
        "min": 100.00000000,
        "fee": 100.00000000
    },
    "DSP": {
        "min": 0.10000000,
        "fee": 0.10000000
    },
    "EBST": {
        "min": 0.10000000,
        "fee": 0.10000000
    },
    "EMC": {
        "min": 0.10000000,
        "fee": 0.10000000
    },
    "ETNX": {
        "min": 0.15000000,
        "fee": 0.15000000
    },
    "ETNXP": {
        "min": 400.00000000,
        "fee": 400.00000000
    },
    "AEC": {
        "min": 0.10000000,
        "fee": 0.10000000
    },
    "ESP": {
        "min": 0.00020000,
        "fee": 0.00020000
    },
    "ETH": {
        "min": 0.00400000,
        "fee": 0.00400000
    },
    "ERK": {
        "min": 0.10000000,
        "fee": 0.10000000
    },
    "EXM": {
        "min": 0.10000000,
        "fee": 0.10000000
    },
    "XP": {
        "min": 100.00000000,
        "fee": 100.00000000
    },
    "XBIT": {
        "min": 1.00000000,
        "fee": 1.00000000
    },
    "XFOX": {
        "min": 50.00000000,
        "fee": 50.00000000
    },
    "FRED": {
        "min": 100.00000000,
        "fee": 100.00000000
    },
    "FRCN": {
        "min": 800.00000000,
        "fee": 800.00000000
    },
    "FC": {
        "min": 150.00000000,
        "fee": 150.00000000
    },
    "GAME": {
        "min": 0.10000000,
        "fee": 0.10000000
    },
    "GRLC": {
        "min": 50.00000000,
        "fee": 50.00000000
    },
    "GUSD": {
        "min": 10.00000000,
        "fee": 10.00000000
    },
    "GENX": {
        "min": 0.10000000,
        "fee": 0.10000000
    },
    "GOLD": {
        "min": 400.00000000,
        "fee": 400.00000000
    },
    "GLC": {
        "min": 0.10000000,
        "fee": 0.10000000
    },
    "XGB": {
        "min": 10.00000000,
        "fee": 10.00000000
    },
    "GRIM": {
        "min": 300.00000000,
        "fee": 300.00000000
    },
    "GRS": {
        "min": 0.10000000,
        "fee": 0.10000000
    },
    "HELP": {
        "min": 0.10000000,
        "fee": 0.10000000
    },
    "HTML": {
        "min": 20000.00000000,
        "fee": 20000.00000000
    },
    "HUSH": {
        "min": 0.10000000,
        "fee": 0.10000000
    },
    "ILC": {
        "min": 0.10000000,
        "fee": 0.10000000
    },
    "INSN": {
        "min": 0.10000000,
        "fee": 0.10000000
    },
    "IOP": {
        "min": 0.10000000,
        "fee": 0.10000000
    },
    "ITL": {
        "min": 20000.00000000,
        "fee": 20000.00000000
    },
    "JAAG": {
        "min": 5.00000000,
        "fee": 5.00000000
    },
    "J": {
        "min": 0.10000000,
        "fee": 0.10000000
    },
    "JMC": {
        "min": 0.10000000,
        "fee": 0.10000000
    },
    "KAI": {
        "min": 0.10000000,
        "fee": 0.10000000
    },
    "KNT": {
        "min": 20000.00000000,
        "fee": 20000.00000000
    },
    "KNLX": {
        "min": 30.00000000,
        "fee": 30.00000000
    },
    "KOD": {
        "min": 10.00000000,
        "fee": 10.00000000
    },
    "KUBOC": {
        "min": 20.00000000,
        "fee": 20.00000000
    },
    "KUBO": {
        "min": 1000.00000000,
        "fee": 1000.00000000
    },
    "KZC": {
        "min": 0.10000000,
        "fee": 0.10000000
    },
    "LTC": {
        "min": 0.00700000,
        "fee": 0.00700000
    },
    "LCC": {
        "min": 219.02000000,
        "fee": 219.02000000
    },
    "LDOGE": {
        "min": 0.10000000,
        "fee": 0.10000000
    },
    "LMX": {
        "min": 400.00000000,
        "fee": 400.00000000
    },
    "XMG": {
        "min": 0.10000000,
        "fee": 0.10000000
    },
    "MRC": {
        "min": 50.00000000,
        "fee": 50.00000000
    },
    "MIAMI": {
        "min": 1500.00000000,
        "fee": 1500.00000000
    },
    "MNC": {
        "min": 1.00000000,